#,Name,Type 1,Type 2,Total,HP,Attack,Defense,Sp. Atk,Sp. Def,Speed,Generation,Legendary,base_name,form_id,image_file,form
1,Bulbasaur,Grass,Poison,318,45,49,49,65,65,45,1,False,Bulbasaur,base,1.jpg,base
2,Ivysaur,Grass,Poison,405,60,62,63,80,80,60,1,False,Ivysaur,base,2.jpg,base
3,Venusaur,Grass,Poison,525,80,82,83,100,100,80,1,False,Venusaur,base,3.jpg,base
3,VenusaurMega Venusaur,Grass,Poison,625,80,100,123,122,120,80,1,False,Venusaur,mega,3-mega.jpg,mega-venusaur
4,Charmander,Fire,,309,39,52,43,60,50,65,1,False,Charmander,base,4.jpg,base
5,Charmeleon,Fire,,405,58,64,58,80,65,80,1,False,Charmeleon,base,5.jpg,base
6,Charizard,Fire,Flying,534,78,84,78,109,85,100,1,False,Charizard,base,6.jpg,base
6,CharizardMega Charizard X,Fire,Dragon,634,78,130,111,130,85,100,1,False,Charizard,mega-x,6-mega-x.jpg,mega-charizard-x
6,CharizardMega Charizard Y,Fire,Flying,634,78,104,78,159,115,100,1,False,Charizard,mega-y,6-mega-y.jpg,mega-charizard-y
7,Squirtle,Water,,314,44,48,65,50,64,43,1,False,Squirtle,base,7.jpg,base
8,Wartortle,Water,,405,59,63,80,65,80,58,1,False,Wartortle,base,8.jpg,base
9,Blastoise,Water,,530,79,83,100,85,105,78,1,False,Blastoise,base,9.jpg,base
9,BlastoiseMega Blastoise,Water,,630,79,103,120,135,115,78,1,False,Blastoise,mega,9-mega.jpg,mega-blastoise
10,Caterpie,Bug,,195,45,30,35,20,20,45,1,False,Caterpie,base,10.jpg,base
11,Metapod,Bug,,205,50,20,55,25,25,30,1,False,Metapod,base,11.jpg,base
12,Butterfree,Bug,Flying,395,60,45,50,90,80,70,1,False,Butterfree,base,12.jpg,base
13,Weedle,Bug,Poison,195,40,35,30,20,20,50,1,False,Weedle,base,13.jpg,base
14,Kakuna,Bug,Poison,205,45,25,50,25,25,35,1,False,Kakuna,base,14.jpg,base
15,Beedrill,Bug,Poison,395,65,90,40,45,80,75,1,False,Beedrill,base,15.jpg,base
15,BeedrillMega Beedrill,Bug,Poison,495,65,150,40,15,80,145,1,False,Beedrill,mega,15-mega.jpg,mega-beedrill
16,Pidgey,Normal,Flying,251,40,45,40,35,35,56,1,False,Pidgey,base,16.jpg,base
17,Pidgeotto,Normal,Flying,349,63,60,55,50,50,71,1,False,Pidgeotto,base,17.jpg,base
18,Pidgeot,Normal,Flying,479,83,80,75,70,70,101,1,False,Pidgeot,base,18.jpg,base
18,PidgeotMega Pidgeot,Normal,Flying,579,83,80,80,135,80,121,1,False,Pidgeot,mega,18-mega.jpg,mega-pidgeot
19,Rattata,Normal,,253,30,56,35,25,35,72,1,False,Rattata,base,19.jpg,base
20,Raticate,Normal,,413,55,81,60,50,70,97,1,False,Raticate,base,20.jpg,base
21,Spearow,Normal,Flying,262,40,60,30,31,31,70,1,False,Spearow,base,21.jpg,base
22,Fearow,Normal,Flying,442,65,90,65,61,61,100,1,False,Fearow,base,22.jpg,base
23,Ekans,Poison,,288,35,60,44,40,54,55,1,False,Ekans,base,23.jpg,base
24,Arbok,Poison,,438,60,85,69,65,79,80,1,False,Arbok,base,24.jpg,base
25,Pikachu,Electric,,320,35,55,40,50,50,90,1,False,Pikachu,base,25.jpg,base
26,Raichu,Electric,,485,60,90,55,90,80,110,1,False,Raichu,base,26.jpg,base
27,Sandshrew,Ground,,300,50,75,85,20,30,40,1,False,Sandshrew,base,27.jpg,base
28,Sandslash,Ground,,450,75,100,110,45,55,65,1,False,Sandslash,base,28.jpg,base
29,Nidoran♀,Poison,,275,55,47,52,40,40,41,1,False,Nidoran♀,base,29.jpg,base
30,Nidorina,Poison,,365,70,62,67,55,55,56,1,False,Nidorina,base,30.jpg,base
31,Nidoqueen,Poison,Ground,505,90,92,87,75,85,76,1,False,Nidoqueen,base,31.jpg,base
32,Nidoran♂,Poison,,273,46,57,40,40,40,50,1,False,Nidoran♂,base,32.jpg,base
33,Nidorino,Poison,,365,61,72,57,55,55,65,1,False,Nidorino,base,33.jpg,base
34,Nidoking,Poison,Ground,505,81,102,77,85,75,85,1,False,Nidoking,base,34.jpg,base
35,Clefairy,Fairy,,323,70,45,48,60,65,35,1,False,Clefairy,base,35.jpg,base
36,Clefable,Fairy,,483,95,70,73,95,90,60,1,False,Clefable,base,36.jpg,base
37,Vulpix,Fire,,299,38,41,40,50,65,65,1,False,Vulpix,base,37.jpg,base
38,Ninetales,Fire,,505,73,76,75,81,100,100,1,False,Ninetales,base,38.jpg,base
39,Jigglypuff,Normal,Fairy,270,115,45,20,45,25,20,1,False,Jigglypuff,base,39.jpg,base
40,Wigglytuff,Normal,Fairy,435,140,70,45,85,50,45,1,False,Wigglytuff,base,40.jpg,base
41,Zubat,Poison,Flying,245,40,45,35,30,40,55,1,False,Zubat,base,41.jpg,base
42,Golbat,Poison,Flying,455,75,80,70,65,75,90,1,False,Golbat,base,42.jpg,base
43,Oddish,Grass,Poison,320,45,50,55,75,65,30,1,False,Oddish,base,43.jpg,base
44,Gloom,Grass,Poison,395,60,65,70,85,75,40,1,False,Gloom,base,44.jpg,base
45,Vileplume,Grass,Poison,490,75,80,85,110,90,50,1,False,Vileplume,base,45.jpg,base
46,Paras,Bug,Grass,285,35,70,55,45,55,25,1,False,Paras,base,46.jpg,base
47,Parasect,Bug,Grass,405,60,95,80,60,80,30,1,False,Parasect,base,47.jpg,base
48,Venonat,Bug,Poison,305,60,55,50,40,55,45,1,False,Venonat,base,48.jpg,base
49,Venomoth,Bug,Poison,450,70,65,60,90,75,90,1,False,Venomoth,base,49.jpg,base
50,Diglett,Ground,,265,10,55,25,35,45,95,1,False,Diglett,base,50.jpg,base
51,Dugtrio,Ground,,405,35,80,50,50,70,120,1,False,Dugtrio,base,51.jpg,base
52,Meowth,Normal,,290,40,45,35,40,40,90,1,False,Meowth,base,52.jpg,base
53,Persian,Normal,,440,65,70,60,65,65,115,1,False,Persian,base,53.jpg,base
54,Psyduck,Water,,320,50,52,48,65,50,55,1,False,Psyduck,base,54.jpg,base
55,Golduck,Water,,500,80,82,78,95,80,85,1,False,Golduck,base,55.jpg,base
56,Mankey,Fighting,,305,40,80,35,35,45,70,1,False,Mankey,base,56.jpg,base
57,Primeape,Fighting,,455,65,105,60,60,70,95,1,False,Primeape,base,57.jpg,base
58,Growlithe,Fire,,350,55,70,45,70,50,60,1,False,Growlithe,base,58.jpg,base
59,Arcanine,Fire,,555,90,110,80,100,80,95,1,False,Arcanine,base,59.jpg,base
60,Poliwag,Water,,300,40,50,40,40,40,90,1,False,Poliwag,base,60.jpg,base
61,Poliwhirl,Water,,385,65,65,65,50,50,90,1,False,Poliwhirl,base,61.jpg,base
62,Poliwrath,Water,Fighting,510,90,95,95,70,90,70,1,False,Poliwrath,base,62.jpg,base
63,Abra,Psychic,,310,25,20,15,105,55,90,1,False,Abra,base,63.jpg,base
64,Kadabra,Psychic,,400,40,35,30,120,70,105,1,False,Kadabra,base,64.jpg,base
65,Alakazam,Psychic,,500,55,50,45,135,95,120,1,False,Alakazam,base,65.jpg,base
65,AlakazamMega Alakazam,Psychic,,590,55,50,65,175,95,150,1,False,Alakazam,mega,65-mega.jpg,mega-alakazam
66,Machop,Fighting,,305,70,80,50,35,35,35,1,False,Machop,base,66.jpg,base
67,Machoke,Fighting,,405,80,100,70,50,60,45,1,False,Machoke,base,67.jpg,base
68,Machamp,Fighting,,505,90,130,80,65,85,55,1,False,Machamp,base,68.jpg,base
69,Bellsprout,Grass,Poison,300,50,75,35,70,30,40,1,False,Bellsprout,base,69.jpg,base
70,Weepinbell,Grass,Poison,390,65,90,50,85,45,55,1,False,Weepinbell,base,70.jpg,base
71,Victreebel,Grass,Poison,490,80,105,65,100,70,70,1,False,Victreebel,base,71.jpg,base
72,Tentacool,Water,Poison,335,40,40,35,50,100,70,1,False,Tentacool,base,72.jpg,base
73,Tentacruel,Water,Poison,515,80,70,65,80,120,100,1,False,Tentacruel,base,73.jpg,base
74,Geodude,Rock,Ground,300,40,80,100,30,30,20,1,False,Geodude,base,74.jpg,base
75,Graveler,Rock,Ground,390,55,95,115,45,45,35,1,False,Graveler,base,75.jpg,base
76,Golem,Rock,Ground,495,80,120,130,55,65,45,1,False,Golem,base,76.jpg,base
77,Ponyta,Fire,,410,50,85,55,65,65,90,1,False,Ponyta,base,77.jpg,base
78,Rapidash,Fire,,500,65,100,70,80,80,105,1,False,Rapidash,base,78.jpg,base
79,Slowpoke,Water,Psychic,315,90,65,65,40,40,15,1,False,Slowpoke,base,79.jpg,base
80,Slowbro,Water,Psychic,490,95,75,110,100,80,30,1,False,Slowbro,base,80.jpg,base
80,SlowbroMega Slowbro,Water,Psychic,590,95,75,180,130,80,30,1,False,Slowbro,mega,80-mega.jpg,mega-slowbro
81,Magnemite,Electric,Steel,325,25,35,70,95,55,45,1,False,Magnemite,base,81.jpg,base
82,Magneton,Electric,Steel,465,50,60,95,120,70,70,1,False,Magneton,base,82.jpg,base
83,Farfetch'd,Normal,Flying,352,52,65,55,58,62,60,1,False,Farfetch'd,base,83.jpg,base
84,Doduo,Normal,Flying,310,35,85,45,35,35,75,1,False,Doduo,base,84.jpg,base
85,Dodrio,Normal,Flying,460,60,110,70,60,60,100,1,False,Dodrio,base,85.jpg,base
86,Seel,Water,,325,65,45,55,45,70,45,1,False,Seel,base,86.jpg,base
87,Dewgong,Water,Ice,475,90,70,80,70,95,70,1,False,Dewgong,base,87.jpg,base
88,Grimer,Poison,,325,80,80,50,40,50,25,1,False,Grimer,base,88.jpg,base
89,Muk,Poison,,500,105,105,75,65,100,50,1,False,Muk,base,89.jpg,base
90,Shellder,Water,,305,30,65,100,45,25,40,1,False,Shellder,base,90.jpg,base
91,Cloyster,Water,Ice,525,50,95,180,85,45,70,1,False,Cloyster,base,91.jpg,base
92,Gastly,Ghost,Poison,310,30,35,30,100,35,80,1,False,Gastly,base,92.jpg,base
93,Haunter,Ghost,Poison,405,45,50,45,115,55,95,1,False,Haunter,base,93.jpg,base
94,Gengar,Ghost,Poison,500,60,65,60,130,75,110,1,False,Gengar,base,94.jpg,base
94,GengarMega Gengar,Ghost,Poison,600,60,65,80,170,95,130,1,False,Gengar,mega,94-mega.jpg,mega-gengar
95,Onix,Rock,Ground,385,35,45,160,30,45,70,1,False,Onix,base,95.jpg,base
96,Drowzee,Psychic,,328,60,48,45,43,90,42,1,False,Drowzee,base,96.jpg,base
97,Hypno,Psychic,,483,85,73,70,73,115,67,1,False,Hypno,base,97.jpg,base
98,Krabby,Water,,325,30,105,90,25,25,50,1,False,Krabby,base,98.jpg,base
99,Kingler,Water,,475,55,130,115,50,50,75,1,False,Kingler,base,99.jpg,base
100,Voltorb,Electric,,330,40,30,50,55,55,100,1,False,Voltorb,base,100.jpg,base
101,Electrode,Electric,,480,60,50,70,80,80,140,1,False,Electrode,base,101.jpg,base
102,Exeggcute,Grass,Psychic,325,60,40,80,60,45,40,1,False,Exeggcute,base,102.jpg,base
103,Exeggutor,Grass,Psychic,520,95,95,85,125,65,55,1,False,Exeggutor,base,103.jpg,base
104,Cubone,Ground,,320,50,50,95,40,50,35,1,False,Cubone,base,104.jpg,base
105,Marowak,Ground,,425,60,80,110,50,80,45,1,False,Marowak,base,105.jpg,base
106,Hitmonlee,Fighting,,455,50,120,53,35,110,87,1,False,Hitmonlee,base,106.jpg,base
107,Hitmonchan,Fighting,,455,50,105,79,35,110,76,1,False,Hitmonchan,base,107.jpg,base
108,Lickitung,Normal,,385,90,55,75,60,75,30,1,False,Lickitung,base,108.jpg,base
109,Koffing,Poison,,340,40,65,95,60,45,35,1,False,Koffing,base,109.jpg,base
110,Weezing,Poison,,490,65,90,120,85,70,60,1,False,Weezing,base,110.jpg,base
111,Rhyhorn,Ground,Rock,345,80,85,95,30,30,25,1,False,Rhyhorn,base,111.jpg,base
112,Rhydon,Ground,Rock,485,105,130,120,45,45,40,1,False,Rhydon,base,112.jpg,base
113,Chansey,Normal,,450,250,5,5,35,105,50,1,False,Chansey,base,113.jpg,base
114,Tangela,Grass,,435,65,55,115,100,40,60,1,False,Tangela,base,114.jpg,base
115,Kangaskhan,Normal,,490,105,95,80,40,80,90,1,False,Kangaskhan,base,115.jpg,base
115,KangaskhanMega Kangaskhan,Normal,,590,105,125,100,60,100,100,1,False,Kangaskhan,mega,115-mega.jpg,mega-kangaskhan
116,Horsea,Water,,295,30,40,70,70,25,60,1,False,Horsea,base,116.jpg,base
117,Seadra,Water,,440,55,65,95,95,45,85,1,False,Seadra,base,117.jpg,base
118,Goldeen,Water,,320,45,67,60,35,50,63,1,False,Goldeen,base,118.jpg,base
119,Seaking,Water,,450,80,92,65,65,80,68,1,False,Seaking,base,119.jpg,base
120,Staryu,Water,,340,30,45,55,70,55,85,1,False,Staryu,base,120.jpg,base
121,Starmie,Water,Psychic,520,60,75,85,100,85,115,1,False,Starmie,base,121.jpg,base
122,Mr. Mime,Psychic,Fairy,460,40,45,65,100,120,90,1,False,Mr. Mime,base,122.jpg,base
123,Scyther,Bug,Flying,500,70,110,80,55,80,105,1,False,Scyther,base,123.jpg,base
124,Jynx,Ice,Psychic,455,65,50,35,115,95,95,1,False,Jynx,base,124.jpg,base
125,Electabuzz,Electric,,490,65,83,57,95,85,105,1,False,Electabuzz,base,125.jpg,base
126,Magmar,Fire,,495,65,95,57,100,85,93,1,False,Magmar,base,126.jpg,base
127,Pinsir,Bug,,500,65,125,100,55,70,85,1,False,Pinsir,base,127.jpg,base
127,PinsirMega Pinsir,Bug,Flying,600,65,155,120,65,90,105,1,False,Pinsir,mega,127-mega.jpg,mega-pinsir
128,Tauros,Normal,,490,75,100,95,40,70,110,1,False,Tauros,base,128.jpg,base
129,Magikarp,Water,,200,20,10,55,15,20,80,1,False,Magikarp,base,129.jpg,base
130,Gyarados,Water,Flying,540,95,125,79,60,100,81,1,False,Gyarados,base,130.jpg,base
130,GyaradosMega Gyarados,Water,Dark,640,95,155,109,70,130,81,1,False,Gyarados,mega,130-mega.jpg,mega-gyarados
131,Lapras,Water,Ice,535,130,85,80,85,95,60,1,False,Lapras,base,131.jpg,base
132,Ditto,Normal,,288,48,48,48,48,48,48,1,False,Ditto,base,132.jpg,base
133,Eevee,Normal,,325,55,55,50,45,65,55,1,False,Eevee,base,133.jpg,base
134,Vaporeon,Water,,525,130,65,60,110,95,65,1,False,Vaporeon,base,134.jpg,base
135,Jolteon,Electric,,525,65,65,60,110,95,130,1,False,Jolteon,base,135.jpg,base
136,Flareon,Fire,,525,65,130,60,95,110,65,1,False,Flareon,base,136.jpg,base
137,Porygon,Normal,,395,65,60,70,85,75,40,1,False,Porygon,base,137.jpg,base
138,Omanyte,Rock,Water,355,35,40,100,90,55,35,1,False,Omanyte,base,138.jpg,base
139,Omastar,Rock,Water,495,70,60,125,115,70,55,1,False,Omastar,base,139.jpg,base
140,Kabuto,Rock,Water,355,30,80,90,55,45,55,1,False,Kabuto,base,140.jpg,base
141,Kabutops,Rock,Water,495,60,115,105,65,70,80,1,False,Kabutops,base,141.jpg,base
142,Aerodactyl,Rock,Flying,515,80,105,65,60,75,130,1,False,Aerodactyl,base,142.jpg,base
142,AerodactylMega Aerodactyl,Rock,Flying,615,80,135,85,70,95,150,1,False,Aerodactyl,mega,142-mega.jpg,mega-aerodactyl
143,Snorlax,Normal,,540,160,110,65,65,110,30,1,False,Snorlax,base,143.jpg,base
144,Articuno,Ice,Flying,580,90,85,100,95,125,85,1,True,Articuno,base,144.jpg,base
145,Zapdos,Electric,Flying,580,90,90,85,125,90,100,1,True,Zapdos,base,145.jpg,base
146,Moltres,Fire,Flying,580,90,100,90,125,85,90,1,True,Moltres,base,146.jpg,base
147,Dratini,Dragon,,300,41,64,45,50,50,50,1,False,Dratini,base,147.jpg,base
148,Dragonair,Dragon,,420,61,84,65,70,70,70,1,False,Dragonair,base,148.jpg,base
149,Dragonite,Dragon,Flying,600,91,134,95,100,100,80,1,False,Dragonite,base,149.jpg,base
150,Mewtwo,Psychic,,680,106,110,90,154,90,130,1,True,Mewtwo,base,150.jpg,base
150,MewtwoMega Mewtwo X,Psychic,Fighting,780,106,190,100,154,100,130,1,True,Mewtwo,mega-x,150-mega-x.jpg,mega-mewtwo-x
150,MewtwoMega Mewtwo Y,Psychic,,780,106,150,70,194,120,140,1,True,Mewtwo,mega-y,150-mega-y.jpg,mega-mewtwo-y
151,Mew,Psychic,,600,100,100,100,100,100,100,1,False,Mew,base,151.jpg,base
152,Chikorita,Grass,,318,45,49,65,49,65,45,2,False,Chikorita,base,152.jpg,base
153,Bayleef,Grass,,405,60,62,80,63,80,60,2,False,Bayleef,base,153.jpg,base
154,Meganium,Grass,,525,80,82,100,83,100,80,2,False,,base,154.jpg,mega-nium
155,Cyndaquil,Fire,,309,39,52,43,60,50,65,2,False,Cyndaquil,base,155.jpg,base
156,Quilava,Fire,,405,58,64,58,80,65,80,2,False,Quilava,base,156.jpg,base
157,Typhlosion,Fire,,534,78,84,78,109,85,100,2,False,Typhlosion,base,157.jpg,base
158,Totodile,Water,,314,50,65,64,44,48,43,2,False,Totodile,base,158.jpg,base
159,Croconaw,Water,,405,65,80,80,59,63,58,2,False,Croconaw,base,159.jpg,base
160,Feraligatr,Water,,530,85,105,100,79,83,78,2,False,Feraligatr,base,160.jpg,base
161,Sentret,Normal,,215,35,46,34,35,45,20,2,False,Sentret,base,161.jpg,base
162,Furret,Normal,,415,85,76,64,45,55,90,2,False,Furret,base,162.jpg,base
163,Hoothoot,Normal,Flying,262,60,30,30,36,56,50,2,False,Hoothoot,base,163.jpg,base
164,Noctowl,Normal,Flying,442,100,50,50,76,96,70,2,False,Noctowl,base,164.jpg,base
165,Ledyba,Bug,Flying,265,40,20,30,40,80,55,2,False,Ledyba,base,165.jpg,base
166,Ledian,Bug,Flying,390,55,35,50,55,110,85,2,False,Ledian,base,166.jpg,base
167,Spinarak,Bug,Poison,250,40,60,40,40,40,30,2,False,Spinarak,base,167.jpg,base
168,Ariados,Bug,Poison,390,70,90,70,60,60,40,2,False,Ariados,base,168.jpg,base
169,Crobat,Poison,Flying,535,85,90,80,70,80,130,2,False,Crobat,base,169.jpg,base
170,Chinchou,Water,Electric,330,75,38,38,56,56,67,2,False,Chinchou,base,170.jpg,base
171,Lanturn,Water,Electric,460,125,58,58,76,76,67,2,False,Lanturn,base,171.jpg,base
172,Pichu,Electric,,205,20,40,15,35,35,60,2,False,Pichu,base,172.jpg,base
173,Cleffa,Fairy,,218,50,25,28,45,55,15,2,False,Cleffa,base,173.jpg,base
174,Igglybuff,Normal,Fairy,210,90,30,15,40,20,15,2,False,Igglybuff,base,174.jpg,base
175,Togepi,Fairy,,245,35,20,65,40,65,20,2,False,Togepi,base,175.jpg,base
176,Togetic,Fairy,Flying,405,55,40,85,80,105,40,2,False,Togetic,base,176.jpg,base
177,Natu,Psychic,Flying,320,40,50,45,70,45,70,2,False,Natu,base,177.jpg,base
178,Xatu,Psychic,Flying,470,65,75,70,95,70,95,2,False,Xatu,base,178.jpg,base
179,Mareep,Electric,,280,55,40,40,65,45,35,2,False,Mareep,base,179.jpg,base
180,Flaaffy,Electric,,365,70,55,55,80,60,45,2,False,Flaaffy,base,180.jpg,base
181,Ampharos,Electric,,510,90,75,85,115,90,55,2,False,Ampharos,base,181.jpg,base
181,AmpharosMega Ampharos,Electric,Dragon,610,90,95,105,165,110,45,2,False,Ampharos,mega,181-mega.jpg,mega-ampharos
182,Bellossom,Grass,,490,75,80,95,90,100,50,2,False,Bellossom,base,182.jpg,base
183,Marill,Water,Fairy,250,70,20,50,20,50,40,2,False,Marill,base,183.jpg,base
184,Azumarill,Water,Fairy,420,100,50,80,60,80,50,2,False,Azumarill,base,184.jpg,base
185,Sudowoodo,Rock,,410,70,100,115,30,65,30,2,False,Sudowoodo,base,185.jpg,base
186,Politoed,Water,,500,90,75,75,90,100,70,2,False,Politoed,base,186.jpg,base
187,Hoppip,Grass,Flying,250,35,35,40,35,55,50,2,False,Hoppip,base,187.jpg,base
188,Skiploom,Grass,Flying,340,55,45,50,45,65,80,2,False,Skiploom,base,188.jpg,base
189,Jumpluff,Grass,Flying,460,75,55,70,55,95,110,2,False,Jumpluff,base,189.jpg,base
190,Aipom,Normal,,360,55,70,55,40,55,85,2,False,Aipom,base,190.jpg,base
191,Sunkern,Grass,,180,30,30,30,30,30,30,2,False,Sunkern,base,191.jpg,base
192,Sunflora,Grass,,425,75,75,55,105,85,30,2,False,Sunflora,base,192.jpg,base
193,Yanma,Bug,Flying,390,65,65,45,75,45,95,2,False,Yanma,base,193.jpg,base
194,Wooper,Water,Ground,210,55,45,45,25,25,15,2,False,Wooper,base,194.jpg,base
195,Quagsire,Water,Ground,430,95,85,85,65,65,35,2,False,Quagsire,base,195.jpg,base
196,Espeon,Psychic,,525,65,65,60,130,95,110,2,False,Espeon,base,196.jpg,base
197,Umbreon,Dark,,525,95,65,110,60,130,65,2,False,Umbreon,base,197.jpg,base
198,Murkrow,Dark,Flying,405,60,85,42,85,42,91,2,False,Murkrow,base,198.jpg,base
199,Slowking,Water,Psychic,490,95,75,80,100,110,30,2,False,Slowking,base,199.jpg,base
200,Misdreavus,Ghost,,435,60,60,60,85,85,85,2,False,Misdreavus,base,200.jpg,base
201,Unown,Psychic,,336,48,72,48,72,48,48,2,False,Unown,base,201.jpg,base
202,Wobbuffet,Psychic,,405,190,33,58,33,58,33,2,False,Wobbuffet,base,202.jpg,base
203,Girafarig,Normal,Psychic,455,70,80,65,90,65,85,2,False,Girafarig,base,203.jpg,base
204,Pineco,Bug,,290,50,65,90,35,35,15,2,False,Pineco,base,204.jpg,base
205,Forretress,Bug,Steel,465,75,90,140,60,60,40,2,False,Forretress,base,205.jpg,base
206,Dunsparce,Normal,,415,100,70,70,65,65,45,2,False,Dunsparce,base,206.jpg,base
207,Gligar,Ground,Flying,430,65,75,105,35,65,85,2,False,Gligar,base,207.jpg,base
208,Steelix,Steel,Ground,510,75,85,200,55,65,30,2,False,Steelix,base,208.jpg,base
208,SteelixMega Steelix,Steel,Ground,610,75,125,230,55,95,30,2,False,Steelix,mega,208-mega.jpg,mega-steelix
209,Snubbull,Fairy,,300,60,80,50,40,40,30,2,False,Snubbull,base,209.jpg,base
210,Granbull,Fairy,,450,90,120,75,60,60,45,2,False,Granbull,base,210.jpg,base
211,Qwilfish,Water,Poison,430,65,95,75,55,55,85,2,False,Qwilfish,base,211.jpg,base
212,Scizor,Bug,Steel,500,70,130,100,55,80,65,2,False,Scizor,base,212.jpg,base
212,ScizorMega Scizor,Bug,Steel,600,70,150,140,65,100,75,2,False,Scizor,mega,212-mega.jpg,mega-scizor
213,Shuckle,Bug,Rock,505,20,10,230,10,230,5,2,False,Shuckle,base,213.jpg,base
214,Heracross,Bug,Fighting,500,80,125,75,40,95,85,2,False,Heracross,base,214.jpg,base
214,HeracrossMega Heracross,Bug,Fighting,600,80,185,115,40,105,75,2,False,Heracross,mega,214-mega.jpg,mega-heracross
215,Sneasel,Dark,Ice,430,55,95,55,35,75,115,2,False,Sneasel,base,215.jpg,base
216,Teddiursa,Normal,,330,60,80,50,50,50,40,2,False,Teddiursa,base,216.jpg,base
217,Ursaring,Normal,,500,90,130,75,75,75,55,2,False,Ursaring,base,217.jpg,base
218,Slugma,Fire,,250,40,40,40,70,40,20,2,False,Slugma,base,218.jpg,base
219,Magcargo,Fire,Rock,410,50,50,120,80,80,30,2,False,Magcargo,base,219.jpg,base
220,Swinub,Ice,Ground,250,50,50,40,30,30,50,2,False,Swinub,base,220.jpg,base
221,Piloswine,Ice,Ground,450,100,100,80,60,60,50,2,False,Piloswine,base,221.jpg,base
222,Corsola,Water,Rock,380,55,55,85,65,85,35,2,False,Corsola,base,222.jpg,base
223,Remoraid,Water,,300,35,65,35,65,35,65,2,False,Remoraid,base,223.jpg,base
224,Octillery,Water,,480,75,105,75,105,75,45,2,False,Octillery,base,224.jpg,base
225,Delibird,Ice,Flying,330,45,55,45,65,45,75,2,False,Delibird,base,225.jpg,base
226,Mantine,Water,Flying,465,65,40,70,80,140,70,2,False,Mantine,base,226.jpg,base
227,Skarmory,Steel,Flying,465,65,80,140,40,70,70,2,False,Skarmory,base,227.jpg,base
228,Houndour,Dark,Fire,330,45,60,30,80,50,65,2,False,Houndour,base,228.jpg,base
229,Houndoom,Dark,Fire,500,75,90,50,110,80,95,2,False,Houndoom,base,229.jpg,base
229,HoundoomMega Houndoom,Dark,Fire,600,75,90,90,140,90,115,2,False,Houndoom,mega,229-mega.jpg,mega-houndoom
230,Kingdra,Water,Dragon,540,75,95,95,95,95,85,2,False,Kingdra,base,230.jpg,base
231,Phanpy,Ground,,330,90,60,60,40,40,40,2,False,Phanpy,base,231.jpg,base
232,Donphan,Ground,,500,90,120,120,60,60,50,2,False,Donphan,base,232.jpg,base
233,Porygon2,Normal,,515,85,80,90,105,95,60,2,False,Porygon2,base,233.jpg,base
234,Stantler,Normal,,465,73,95,62,85,65,85,2,False,Stantler,base,234.jpg,base
235,Smeargle,Normal,,250,55,20,35,20,45,75,2,False,Smeargle,base,235.jpg,base
236,Tyrogue,Fighting,,210,35,35,35,35,35,35,2,False,Tyrogue,base,236.jpg,base
237,Hitmontop,Fighting,,455,50,95,95,35,110,70,2,False,Hitmontop,base,237.jpg,base
238,Smoochum,Ice,Psychic,305,45,30,15,85,65,65,2,False,Smoochum,base,238.jpg,base
239,Elekid,Electric,,360,45,63,37,65,55,95,2,False,Elekid,base,239.jpg,base
240,Magby,Fire,,365,45,75,37,70,55,83,2,False,Magby,base,240.jpg,base
241,Miltank,Normal,,490,95,80,105,40,70,100,2,False,Miltank,base,241.jpg,base
242,Blissey,Normal,,540,255,10,10,75,135,55,2,False,Blissey,base,242.jpg,base
243,Raikou,Electric,,580,90,85,75,115,100,115,2,True,Raikou,base,243.jpg,base
244,Entei,Fire,,580,115,115,85,90,75,100,2,True,Entei,base,244.jpg,base
245,Suicune,Water,,580,100,75,115,90,115,85,2,True,Suicune,base,245.jpg,base
246,Larvitar,Rock,Ground,300,50,64,50,45,50,41,2,False,Larvitar,base,246.jpg,base
247,Pupitar,Rock,Ground,410,70,84,70,65,70,51,2,False,Pupitar,base,247.jpg,base
248,Tyranitar,Rock,Dark,600,100,134,110,95,100,61,2,False,Tyranitar,base,248.jpg,base
248,TyranitarMega Tyranitar,Rock,Dark,700,100,164,150,95,120,71,2,False,Tyranitar,mega,248-mega.jpg,mega-tyranitar
249,Lugia,Psychic,Flying,680,106,90,130,90,154,110,2,True,Lugia,base,249.jpg,base
250,Ho-oh,Fire,Flying,680,106,130,90,110,154,90,2,True,Ho-oh,base,250.jpg,base
251,Celebi,Psychic,Grass,600,100,100,100,100,100,100,2,False,Celebi,base,251.jpg,base
252,Treecko,Grass,,310,40,45,35,65,55,70,3,False,Treecko,base,252.jpg,base
253,Grovyle,Grass,,405,50,65,45,85,65,95,3,False,Grovyle,base,253.jpg,base
254,Sceptile,Grass,,530,70,85,65,105,85,120,3,False,Sceptile,base,254.jpg,base
254,SceptileMega Sceptile,Grass,Dragon,630,70,110,75,145,85,145,3,False,Sceptile,mega,254-mega.jpg,mega-sceptile
255,Torchic,Fire,,310,45,60,40,70,50,45,3,False,Torchic,base,255.jpg,base
256,Combusken,Fire,Fighting,405,60,85,60,85,60,55,3,False,Combusken,base,256.jpg,base
257,Blaziken,Fire,Fighting,530,80,120,70,110,70,80,3,False,Blaziken,base,257.jpg,base
257,BlazikenMega Blaziken,Fire,Fighting,630,80,160,80,130,80,100,3,False,Blaziken,mega,257-mega.jpg,mega-blaziken
258,Mudkip,Water,,310,50,70,50,50,50,40,3,False,Mudkip,base,258.jpg,base
259,Marshtomp,Water,Ground,405,70,85,70,60,70,50,3,False,Marshtomp,base,259.jpg,base
260,Swampert,Water,Ground,535,100,110,90,85,90,60,3,False,Swampert,base,260.jpg,base
260,SwampertMega Swampert,Water,Ground,635,100,150,110,95,110,70,3,False,Swampert,mega,260-mega.jpg,mega-swampert
261,Poochyena,Dark,,220,35,55,35,30,30,35,3,False,Poochyena,base,261.jpg,base
262,Mightyena,Dark,,420,70,90,70,60,60,70,3,False,Mightyena,base,262.jpg,base
263,Zigzagoon,Normal,,240,38,30,41,30,41,60,3,False,Zigzagoon,base,263.jpg,base
264,Linoone,Normal,,420,78,70,61,50,61,100,3,False,Linoone,base,264.jpg,base
265,Wurmple,Bug,,195,45,45,35,20,30,20,3,False,Wurmple,base,265.jpg,base
266,Silcoon,Bug,,205,50,35,55,25,25,15,3,False,Silcoon,base,266.jpg,base
267,Beautifly,Bug,Flying,395,60,70,50,100,50,65,3,False,Beautifly,base,267.jpg,base
268,Cascoon,Bug,,205,50,35,55,25,25,15,3,False,Cascoon,base,268.jpg,base
269,Dustox,Bug,Poison,385,60,50,70,50,90,65,3,False,Dustox,base,269.jpg,base
270,Lotad,Water,Grass,220,40,30,30,40,50,30,3,False,Lotad,base,270.jpg,base
271,Lombre,Water,Grass,340,60,50,50,60,70,50,3,False,Lombre,base,271.jpg,base
272,Ludicolo,Water,Grass,480,80,70,70,90,100,70,3,False,Ludicolo,base,272.jpg,base
273,Seedot,Grass,,220,40,40,50,30,30,30,3,False,Seedot,base,273.jpg,base
274,Nuzleaf,Grass,Dark,340,70,70,40,60,40,60,3,False,Nuzleaf,base,274.jpg,base
275,Shiftry,Grass,Dark,480,90,100,60,90,60,80,3,False,Shiftry,base,275.jpg,base
276,Taillow,Normal,Flying,270,40,55,30,30,30,85,3,False,Taillow,base,276.jpg,base
277,Swellow,Normal,Flying,430,60,85,60,50,50,125,3,False,Swellow,base,277.jpg,base
278,Wingull,Water,Flying,270,40,30,30,55,30,85,3,False,Wingull,base,278.jpg,base
279,Pelipper,Water,Flying,430,60,50,100,85,70,65,3,False,Pelipper,base,279.jpg,base
280,Ralts,Psychic,Fairy,198,28,25,25,45,35,40,3,False,Ralts,base,280.jpg,base
281,Kirlia,Psychic,Fairy,278,38,35,35,65,55,50,3,False,Kirlia,base,281.jpg,base
282,Gardevoir,Psychic,Fairy,518,68,65,65,125,115,80,3,False,Gardevoir,base,282.jpg,base
282,GardevoirMega Gardevoir,Psychic,Fairy,618,68,85,65,165,135,100,3,False,Gardevoir,mega,282-mega.jpg,mega-gardevoir
283,Surskit,Bug,Water,269,40,30,32,50,52,65,3,False,Surskit,base,283.jpg,base
284,Masquerain,Bug,Flying,414,70,60,62,80,82,60,3,False,Masquerain,base,284.jpg,base
285,Shroomish,Grass,,295,60,40,60,40,60,35,3,False,Shroomish,base,285.jpg,base
286,Breloom,Grass,Fighting,460,60,130,80,60,60,70,3,False,Breloom,base,286.jpg,base
287,Slakoth,Normal,,280,60,60,60,35,35,30,3,False,Slakoth,base,287.jpg,base
288,Vigoroth,Normal,,440,80,80,80,55,55,90,3,False,Vigoroth,base,288.jpg,base
289,Slaking,Normal,,670,150,160,100,95,65,100,3,False,Slaking,base,289.jpg,base
290,Nincada,Bug,Ground,266,31,45,90,30,30,40,3,False,Nincada,base,290.jpg,base
291,Ninjask,Bug,Flying,456,61,90,45,50,50,160,3,False,Ninjask,base,291.jpg,base
292,Shedinja,Bug,Ghost,236,1,90,45,30,30,40,3,False,Shedinja,base,292.jpg,base
293,Whismur,Normal,,240,64,51,23,51,23,28,3,False,Whismur,base,293.jpg,base
294,Loudred,Normal,,360,84,71,43,71,43,48,3,False,Loudred,base,294.jpg,base
295,Exploud,Normal,,490,104,91,63,91,73,68,3,False,Exploud,base,295.jpg,base
296,Makuhita,Fighting,,237,72,60,30,20,30,25,3,False,Makuhita,base,296.jpg,base
297,Hariyama,Fighting,,474,144,120,60,40,60,50,3,False,Hariyama,base,297.jpg,base
298,Azurill,Normal,Fairy,190,50,20,40,20,40,20,3,False,Azurill,base,298.jpg,base
299,Nosepass,Rock,,375,30,45,135,45,90,30,3,False,Nosepass,base,299.jpg,base
300,Skitty,Normal,,260,50,45,45,35,35,50,3,False,Skitty,base,300.jpg,base
301,Delcatty,Normal,,380,70,65,65,55,55,70,3,False,Delcatty,base,301.jpg,base
302,Sableye,Dark,Ghost,380,50,75,75,65,65,50,3,False,Sableye,base,302.jpg,base
302,SableyeMega Sableye,Dark,Ghost,480,50,85,125,85,115,20,3,False,Sableye,mega,302-mega.jpg,mega-sableye
303,Mawile,Steel,Fairy,380,50,85,85,55,55,50,3,False,Mawile,base,303.jpg,base
303,MawileMega Mawile,Steel,Fairy,480,50,105,125,55,95,50,3,False,Mawile,mega,303-mega.jpg,mega-mawile
304,Aron,Steel,Rock,330,50,70,100,40,40,30,3,False,Aron,base,304.jpg,base
305,Lairon,Steel,Rock,430,60,90,140,50,50,40,3,False,Lairon,base,305.jpg,base
306,Aggron,Steel,Rock,530,70,110,180,60,60,50,3,False,Aggron,base,306.jpg,base
306,AggronMega Aggron,Steel,,630,70,140,230,60,80,50,3,False,Aggron,mega,306-mega.jpg,mega-aggron
307,Meditite,Fighting,Psychic,280,30,40,55,40,55,60,3,False,Meditite,base,307.jpg,base
308,Medicham,Fighting,Psychic,410,60,60,75,60,75,80,3,False,Medicham,base,308.jpg,base
308,MedichamMega Medicham,Fighting,Psychic,510,60,100,85,80,85,100,3,False,Medicham,mega,308-mega.jpg,mega-medicham
309,Electrike,Electric,,295,40,45,40,65,40,65,3,False,Electrike,base,309.jpg,base
310,Manectric,Electric,,475,70,75,60,105,60,105,3,False,Manectric,base,310.jpg,base
310,ManectricMega Manectric,Electric,,575,70,75,80,135,80,135,3,False,Manectric,mega,310-mega.jpg,mega-manectric
311,Plusle,Electric,,405,60,50,40,85,75,95,3,False,Plusle,base,311.jpg,base
312,Minun,Electric,,405,60,40,50,75,85,95,3,False,Minun,base,312.jpg,base
313,Volbeat,Bug,,400,65,73,55,47,75,85,3,False,Volbeat,base,313.jpg,base
314,Illumise,Bug,,400,65,47,55,73,75,85,3,False,Illumise,base,314.jpg,base
315,Roselia,Grass,Poison,400,50,60,45,100,80,65,3,False,Roselia,base,315.jpg,base
316,Gulpin,Poison,,302,70,43,53,43,53,40,3,False,Gulpin,base,316.jpg,base
317,Swalot,Poison,,467,100,73,83,73,83,55,3,False,Swalot,base,317.jpg,base
318,Carvanha,Water,Dark,305,45,90,20,65,20,65,3,False,Carvanha,base,318.jpg,base
319,Sharpedo,Water,Dark,460,70,120,40,95,40,95,3,False,Sharpedo,base,319.jpg,base
319,SharpedoMega Sharpedo,Water,Dark,560,70,140,70,110,65,105,3,False,Sharpedo,mega,319-mega.jpg,mega-sharpedo
320,Wailmer,Water,,400,130,70,35,70,35,60,3,False,Wailmer,base,320.jpg,base
321,Wailord,Water,,500,170,90,45,90,45,60,3,False,Wailord,base,321.jpg,base
322,Numel,Fire,Ground,305,60,60,40,65,45,35,3,False,Numel,base,322.jpg,base
323,Camerupt,Fire,Ground,460,70,100,70,105,75,40,3,False,Camerupt,base,323.jpg,base
323,CameruptMega Camerupt,Fire,Ground,560,70,120,100,145,105,20,3,False,Camerupt,mega,323-mega.jpg,mega-camerupt
324,Torkoal,Fire,,470,70,85,140,85,70,20,3,False,Torkoal,base,324.jpg,base
325,Spoink,Psychic,,330,60,25,35,70,80,60,3,False,Spoink,base,325.jpg,base
326,Grumpig,Psychic,,470,80,45,65,90,110,80,3,False,Grumpig,base,326.jpg,base
327,Spinda,Normal,,360,60,60,60,60,60,60,3,False,Spinda,base,327.jpg,base
328,Trapinch,Ground,,290,45,100,45,45,45,10,3,False,Trapinch,base,328.jpg,base
329,Vibrava,Ground,Dragon,340,50,70,50,50,50,70,3,False,Vibrava,base,329.jpg,base
330,Flygon,Ground,Dragon,520,80,100,80,80,80,100,3,False,Flygon,base,330.jpg,base
331,Cacnea,Grass,,335,50,85,40,85,40,35,3,False,Cacnea,base,331.jpg,base
332,Cacturne,Grass,Dark,475,70,115,60,115,60,55,3,False,Cacturne,base,332.jpg,base
333,Swablu,Normal,Flying,310,45,40,60,40,75,50,3,False,Swablu,base,333.jpg,base
334,Altaria,Dragon,Flying,490,75,70,90,70,105,80,3,False,Altaria,base,334.jpg,base
334,AltariaMega Altaria,Dragon,Fairy,590,75,110,110,110,105,80,3,False,Altaria,mega,334-mega.jpg,mega-altaria
335,Zangoose,Normal,,458,73,115,60,60,60,90,3,False,Zangoose,base,335.jpg,base
336,Seviper,Poison,,458,73,100,60,100,60,65,3,False,Seviper,base,336.jpg,base
337,Lunatone,Rock,Psychic,440,70,55,65,95,85,70,3,False,Lunatone,base,337.jpg,base
338,Solrock,Rock,Psychic,440,70,95,85,55,65,70,3,False,Solrock,base,338.jpg,base
339,Barboach,Water,Ground,288,50,48,43,46,41,60,3,False,Barboach,base,339.jpg,base
340,Whiscash,Water,Ground,468,110,78,73,76,71,60,3,False,Whiscash,base,340.jpg,base
341,Corphish,Water,,308,43,80,65,50,35,35,3,False,Corphish,base,341.jpg,base
342,Crawdaunt,Water,Dark,468,63,120,85,90,55,55,3,False,Crawdaunt,base,342.jpg,base
343,Baltoy,Ground,Psychic,300,40,40,55,40,70,55,3,False,Baltoy,base,343.jpg,base
344,Claydol,Ground,Psychic,500,60,70,105,70,120,75,3,False,Claydol,base,344.jpg,base
345,Lileep,Rock,Grass,355,66,41,77,61,87,23,3,False,Lileep,base,345.jpg,base
346,Cradily,Rock,Grass,495,86,81,97,81,107,43,3,False,Cradily,base,346.jpg,base
347,Anorith,Rock,Bug,355,45,95,50,40,50,75,3,False,Anorith,base,347.jpg,base
348,Armaldo,Rock,Bug,495,75,125,100,70,80,45,3,False,Armaldo,base,348.jpg,base
349,Feebas,Water,,200,20,15,20,10,55,80,3,False,Feebas,base,349.jpg,base
350,Milotic,Water,,540,95,60,79,100,125,81,3,False,Milotic,base,350.jpg,base
351,Castform,Normal,,420,70,70,70,70,70,70,3,False,Castform,base,351.jpg,base
352,Kecleon,Normal,,440,60,90,70,60,120,40,3,False,Kecleon,base,352.jpg,base
353,Shuppet,Ghost,,295,44,75,35,63,33,45,3,False,Shuppet,base,353.jpg,base
354,Banette,Ghost,,455,64,115,65,83,63,65,3,False,Banette,base,354.jpg,base
354,BanetteMega Banette,Ghost,,555,64,165,75,93,83,75,3,False,Banette,mega,354-mega.jpg,mega-banette
355,Duskull,Ghost,,295,20,40,90,30,90,25,3,False,Duskull,base,355.jpg,base
356,Dusclops,Ghost,,455,40,70,130,60,130,25,3,False,Dusclops,base,356.jpg,base
357,Tropius,Grass,Flying,460,99,68,83,72,87,51,3,False,Tropius,base,357.jpg,base
358,Chimecho,Psychic,,425,65,50,70,95,80,65,3,False,Chimecho,base,358.jpg,base
359,Absol,Dark,,465,65,130,60,75,60,75,3,False,Absol,base,359.jpg,base
359,AbsolMega Absol,Dark,,565,65,150,60,115,60,115,3,False,Absol,mega,359-mega.jpg,mega-absol
360,Wynaut,Psychic,,260,95,23,48,23,48,23,3,False,Wynaut,base,360.jpg,base
361,Snorunt,Ice,,300,50,50,50,50,50,50,3,False,Snorunt,base,361.jpg,base
362,Glalie,Ice,,480,80,80,80,80,80,80,3,False,Glalie,base,362.jpg,base
362,GlalieMega Glalie,Ice,,580,80,120,80,120,80,100,3,False,Glalie,mega,362-mega.jpg,mega-glalie
363,Spheal,Ice,Water,290,70,40,50,55,50,25,3,False,Spheal,base,363.jpg,base
364,Sealeo,Ice,Water,410,90,60,70,75,70,45,3,False,Sealeo,base,364.jpg,base
365,Walrein,Ice,Water,530,110,80,90,95,90,65,3,False,Walrein,base,365.jpg,base
366,Clamperl,Water,,345,35,64,85,74,55,32,3,False,Clamperl,base,366.jpg,base
367,Huntail,Water,,485,55,104,105,94,75,52,3,False,Huntail,base,367.jpg,base
368,Gorebyss,Water,,485,55,84,105,114,75,52,3,False,Gorebyss,base,368.jpg,base
369,Relicanth,Water,Rock,485,100,90,130,45,65,55,3,False,Relicanth,base,369.jpg,base
370,Luvdisc,Water,,330,43,30,55,40,65,97,3,False,Luvdisc,base,370.jpg,base
371,Bagon,Dragon,,300,45,75,60,40,30,50,3,False,Bagon,base,371.jpg,base
372,Shelgon,Dragon,,420,65,95,100,60,50,50,3,False,Shelgon,base,372.jpg,base
373,Salamence,Dragon,Flying,600,95,135,80,110,80,100,3,False,Salamence,base,373.jpg,base
373,SalamenceMega Salamence,Dragon,Flying,700,95,145,130,120,90,120,3,False,Salamence,mega,373-mega.jpg,mega-salamence
374,Beldum,Steel,Psychic,300,40,55,80,35,60,30,3,False,Beldum,base,374.jpg,base
375,Metang,Steel,Psychic,420,60,75,100,55,80,50,3,False,Metang,base,375.jpg,base
376,Metagross,Steel,Psychic,600,80,135,130,95,90,70,3,False,Metagross,base,376.jpg,base
376,MetagrossMega Metagross,Steel,Psychic,700,80,145,150,105,110,110,3,False,Metagross,mega,376-mega.jpg,mega-metagross
377,Regirock,Rock,,580,80,100,200,50,100,50,3,True,Regirock,base,377.jpg,base
378,Regice,Ice,,580,80,50,100,100,200,50,3,True,Regice,base,378.jpg,base
379,Registeel,Steel,,580,80,75,150,75,150,50,3,True,Registeel,base,379.jpg,base
380,Latias,Dragon,Psychic,600,80,80,90,110,130,110,3,True,Latias,base,380.jpg,base
380,LatiasMega Latias,Dragon,Psychic,700,80,100,120,140,150,110,3,True,Latias,mega,380-mega.jpg,mega-latias
381,Latios,Dragon,Psychic,600,80,90,80,130,110,110,3,True,Latios,base,381.jpg,base
381,LatiosMega Latios,Dragon,Psychic,700,80,130,100,160,120,110,3,True,Latios,mega,381-mega.jpg,mega-latios
382,Kyogre,Water,,670,100,100,90,150,140,90,3,True,Kyogre,base,382.jpg,base
382,KyogrePrimal Kyogre,Water,,770,100,150,90,180,160,90,3,True,KyogrePrimal Kyogre,primal,382-primal.jpg,base
383,Groudon,Ground,,670,100,150,140,100,90,90,3,True,Groudon,base,383.jpg,base
383,GroudonPrimal Groudon,Ground,Fire,770,100,180,160,150,90,90,3,True,GroudonPrimal Groudon,primal,383-primal.jpg,base
384,Rayquaza,Dragon,Flying,680,105,150,90,150,90,95,3,True,Rayquaza,base,384.jpg,base
384,RayquazaMega Rayquaza,Dragon,Flying,780,105,180,100,180,100,115,3,True,Rayquaza,mega,384-mega.jpg,mega-rayquaza
385,Jirachi,Steel,Psychic,600,100,100,100,100,100,100,3,True,Jirachi,base,385.jpg,base
386,DeoxysNormal Forme,Psychic,,600,50,150,50,150,50,150,3,True,DeoxysNormal,normal,386-normal.jpg,deoxysnormal
386,DeoxysAttack Forme,Psychic,,600,50,180,20,180,20,150,3,True,DeoxysAttack,attack,386-attack.jpg,deoxysattack
386,DeoxysDefense Forme,Psychic,,600,50,70,160,70,160,90,3,True,DeoxysDefense,defense,386-defense.jpg,deoxysdefense
386,DeoxysSpeed Forme,Psychic,,600,50,95,90,95,90,180,3,True,DeoxysSpeed,speed,386-speed.jpg,deoxysspeed
387,Turtwig,Grass,,318,55,68,64,45,55,31,4,False,Turtwig,base,387.jpg,base
388,Grotle,Grass,,405,75,89,85,55,65,36,4,False,Grotle,base,388.jpg,base
389,Torterra,Grass,Ground,525,95,109,105,75,85,56,4,False,Torterra,base,389.jpg,base
390,Chimchar,Fire,,309,44,58,44,58,44,61,4,False,Chimchar,base,390.jpg,base
391,Monferno,Fire,Fighting,405,64,78,52,78,52,81,4,False,Monferno,base,391.jpg,base
392,Infernape,Fire,Fighting,534,76,104,71,104,71,108,4,False,Infernape,base,392.jpg,base
393,Piplup,Water,,314,53,51,53,61,56,40,4,False,Piplup,base,393.jpg,base
394,Prinplup,Water,,405,64,66,68,81,76,50,4,False,Prinplup,base,394.jpg,base
395,Empoleon,Water,Steel,530,84,86,88,111,101,60,4,False,Empoleon,base,395.jpg,base
396,Starly,Normal,Flying,245,40,55,30,30,30,60,4,False,Starly,base,396.jpg,base
397,Staravia,Normal,Flying,340,55,75,50,40,40,80,4,False,Staravia,base,397.jpg,base
398,Staraptor,Normal,Flying,485,85,120,70,50,60,100,4,False,Staraptor,base,398.jpg,base
399,Bidoof,Normal,,250,59,45,40,35,40,31,4,False,Bidoof,base,399.jpg,base
400,Bibarel,Normal,Water,410,79,85,60,55,60,71,4,False,Bibarel,base,400.jpg,base
401,Kricketot,Bug,,194,37,25,41,25,41,25,4,False,Kricketot,base,401.jpg,base
402,Kricketune,Bug,,384,77,85,51,55,51,65,4,False,Kricketune,base,402.jpg,base
403,Shinx,Electric,,263,45,65,34,40,34,45,4,False,Shinx,base,403.jpg,base
404,Luxio,Electric,,363,60,85,49,60,49,60,4,False,Luxio,base,404.jpg,base
405,Luxray,Electric,,523,80,120,79,95,79,70,4,False,Luxray,base,405.jpg,base
406,Budew,Grass,Poison,280,40,30,35,50,70,55,4,False,Budew,base,406.jpg,base
407,Roserade,Grass,Poison,515,60,70,65,125,105,90,4,False,Roserade,base,407.jpg,base
408,Cranidos,Rock,,350,67,125,40,30,30,58,4,False,Cranidos,base,408.jpg,base
409,Rampardos,Rock,,495,97,165,60,65,50,58,4,False,Rampardos,base,409.jpg,base
410,Shieldon,Rock,Steel,350,30,42,118,42,88,30,4,False,Shieldon,base,410.jpg,base
411,Bastiodon,Rock,Steel,495,60,52,168,47,138,30,4,False,Bastiodon,base,411.jpg,base
412,Burmy,Bug,,224,40,29,45,29,45,36,4,False,Burmy,base,412.jpg,base
413,WormadamPlant Cloak,Bug,Grass,424,60,59,85,79,105,36,4,False,WormadamPlant,base,413.jpg,wormadamplant
413,WormadamSandy Cloak,Bug,Ground,424,60,79,105,59,85,36,4,False,WormadamSandy,base,413.jpg,wormadamsandy
413,WormadamTrash Cloak,Bug,Steel,424,60,69,95,69,95,36,4,False,WormadamTrash,base,413.jpg,wormadamtrash
414,Mothim,Bug,Flying,424,70,94,50,94,50,66,4,False,Mothim,base,414.jpg,base
415,Combee,Bug,Flying,244,30,30,42,30,42,70,4,False,Combee,base,415.jpg,base
416,Vespiquen,Bug,Flying,474,70,80,102,80,102,40,4,False,Vespiquen,base,416.jpg,base
417,Pachirisu,Electric,,405,60,45,70,45,90,95,4,False,Pachirisu,base,417.jpg,base
418,Buizel,Water,,330,55,65,35,60,30,85,4,False,Buizel,base,418.jpg,base
419,Floatzel,Water,,495,85,105,55,85,50,115,4,False,Floatzel,base,419.jpg,base
420,Cherubi,Grass,,275,45,35,45,62,53,35,4,False,Cherubi,base,420.jpg,base
421,Cherrim,Grass,,450,70,60,70,87,78,85,4,False,Cherrim,base,421.jpg,base
422,Shellos,Water,,325,76,48,48,57,62,34,4,False,Shellos,base,422.jpg,base
423,Gastrodon,Water,Ground,475,111,83,68,92,82,39,4,False,Gastrodon,base,423.jpg,base
424,Ambipom,Normal,,482,75,100,66,60,66,115,4,False,Ambipom,base,424.jpg,base
425,Drifloon,Ghost,Flying,348,90,50,34,60,44,70,4,False,Drifloon,base,425.jpg,base
426,Drifblim,Ghost,Flying,498,150,80,44,90,54,80,4,False,Drifblim,base,426.jpg,base
427,Buneary,Normal,,350,55,66,44,44,56,85,4,False,Buneary,base,427.jpg,base
428,Lopunny,Normal,,480,65,76,84,54,96,105,4,False,Lopunny,base,428.jpg,base
428,LopunnyMega Lopunny,Normal,Fighting,580,65,136,94,54,96,135,4,False,Lopunny,mega,428-mega.jpg,mega-lopunny
429,Mismagius,Ghost,,495,60,60,60,105,105,105,4,False,Mismagius,base,429.jpg,base
430,Honchkrow,Dark,Flying,505,100,125,52,105,52,71,4,False,Honchkrow,base,430.jpg,base
431,Glameow,Normal,,310,49,55,42,42,37,85,4,False,Glameow,base,431.jpg,base
432,Purugly,Normal,,452,71,82,64,64,59,112,4,False,Purugly,base,432.jpg,base
433,Chingling,Psychic,,285,45,30,50,65,50,45,4,False,Chingling,base,433.jpg,base
434,Stunky,Poison,Dark,329,63,63,47,41,41,74,4,False,Stunky,base,434.jpg,base
435,Skuntank,Poison,Dark,479,103,93,67,71,61,84,4,False,Skuntank,base,435.jpg,base
436,Bronzor,Steel,Psychic,300,57,24,86,24,86,23,4,False,Bronzor,base,436.jpg,base
437,Bronzong,Steel,Psychic,500,67,89,116,79,116,33,4,False,Bronzong,base,437.jpg,base
438,Bonsly,Rock,,290,50,80,95,10,45,10,4,False,Bonsly,base,438.jpg,base
439,Mime Jr.,Psychic,Fairy,310,20,25,45,70,90,60,4,False,Mime Jr.,base,439.jpg,base
440,Happiny,Normal,,220,100,5,5,15,65,30,4,False,Happiny,base,440.jpg,base
441,Chatot,Normal,Flying,411,76,65,45,92,42,91,4,False,Chatot,base,441.jpg,base
442,Spiritomb,Ghost,Dark,485,50,92,108,92,108,35,4,False,Spiritomb,base,442.jpg,base
443,Gible,Dragon,Ground,300,58,70,45,40,45,42,4,False,Gible,base,443.jpg,base
444,Gabite,Dragon,Ground,410,68,90,65,50,55,82,4,False,Gabite,base,444.jpg,base
445,Garchomp,Dragon,Ground,600,108,130,95,80,85,102,4,False,Garchomp,base,445.jpg,base
445,GarchompMega Garchomp,Dragon,Ground,700,108,170,115,120,95,92,4,False,Garchomp,mega,445-mega.jpg,mega-garchomp
446,Munchlax,Normal,,390,135,85,40,40,85,5,4,False,Munchlax,base,446.jpg,base
447,Riolu,Fighting,,285,40,70,40,35,40,60,4,False,Riolu,base,447.jpg,base
448,Lucario,Fighting,Steel,525,70,110,70,115,70,90,4,False,Lucario,base,448.jpg,base
448,LucarioMega Lucario,Fighting,Steel,625,70,145,88,140,70,112,4,False,Lucario,mega,448-mega.jpg,mega-lucario
449,Hippopotas,Ground,,330,68,72,78,38,42,32,4,False,Hippopotas,base,449.jpg,base
450,Hippowdon,Ground,,525,108,112,118,68,72,47,4,False,Hippowdon,base,450.jpg,base
451,Skorupi,Poison,Bug,330,40,50,90,30,55,65,4,False,Skorupi,base,451.jpg,base
452,Drapion,Poison,Dark,500,70,90,110,60,75,95,4,False,Drapion,base,452.jpg,base
453,Croagunk,Poison,Fighting,300,48,61,40,61,40,50,4,False,Croagunk,base,453.jpg,base
454,Toxicroak,Poison,Fighting,490,83,106,65,86,65,85,4,False,Toxicroak,base,454.jpg,base
455,Carnivine,Grass,,454,74,100,72,90,72,46,4,False,Carnivine,base,455.jpg,base
456,Finneon,Water,,330,49,49,56,49,61,66,4,False,Finneon,base,456.jpg,base
457,Lumineon,Water,,460,69,69,76,69,86,91,4,False,Lumineon,base,457.jpg,base
458,Mantyke,Water,Flying,345,45,20,50,60,120,50,4,False,Mantyke,base,458.jpg,base
459,Snover,Grass,Ice,334,60,62,50,62,60,40,4,False,Snover,base,459.jpg,base
460,Abomasnow,Grass,Ice,494,90,92,75,92,85,60,4,False,Abomasnow,base,460.jpg,base
460,AbomasnowMega Abomasnow,Grass,Ice,594,90,132,105,132,105,30,4,False,Abomasnow,mega,460-mega.jpg,mega-abomasnow
461,Weavile,Dark,Ice,510,70,120,65,45,85,125,4,False,Weavile,base,461.jpg,base
462,Magnezone,Electric,Steel,535,70,70,115,130,90,60,4,False,Magnezone,base,462.jpg,base
463,Lickilicky,Normal,,515,110,85,95,80,95,50,4,False,Lickilicky,base,463.jpg,base
464,Rhyperior,Ground,Rock,535,115,140,130,55,55,40,4,False,Rhyperior,base,464.jpg,base
465,Tangrowth,Grass,,535,100,100,125,110,50,50,4,False,Tangrowth,base,465.jpg,base
466,Electivire,Electric,,540,75,123,67,95,85,95,4,False,Electivire,base,466.jpg,base
467,Magmortar,Fire,,540,75,95,67,125,95,83,4,False,Magmortar,base,467.jpg,base
468,Togekiss,Fairy,Flying,545,85,50,95,120,115,80,4,False,Togekiss,base,468.jpg,base
469,Yanmega,Bug,Flying,515,86,76,86,116,56,95,4,False,Yanmega,base,469.jpg,base
470,Leafeon,Grass,,525,65,110,130,60,65,95,4,False,Leafeon,base,470.jpg,base
471,Glaceon,Ice,,525,65,60,110,130,95,65,4,False,Glaceon,base,471.jpg,base
472,Gliscor,Ground,Flying,510,75,95,125,45,75,95,4,False,Gliscor,base,472.jpg,base
473,Mamoswine,Ice,Ground,530,110,130,80,70,60,80,4,False,Mamoswine,base,473.jpg,base
474,Porygon-Z,Normal,,535,85,80,70,135,75,90,4,False,Porygon-Z,base,474.jpg,base
475,Gallade,Psychic,Fighting,518,68,125,65,65,115,80,4,False,Gallade,base,475.jpg,base
475,GalladeMega Gallade,Psychic,Fighting,618,68,165,95,65,115,110,4,False,Gallade,mega,475-mega.jpg,mega-gallade
476,Probopass,Rock,Steel,525,60,55,145,75,150,40,4,False,Probopass,base,476.jpg,base
477,Dusknoir,Ghost,,525,45,100,135,65,135,45,4,False,Dusknoir,base,477.jpg,base
478,Froslass,Ice,Ghost,480,70,80,70,80,70,110,4,False,Froslass,base,478.jpg,base
479,Rotom,Electric,Ghost,440,50,50,77,95,77,91,4,False,Rotom,base,479.jpg,base
479,RotomHeat Rotom,Electric,Fire,520,50,65,107,105,107,86,4,False,RotomHeat Rotom,base,479.jpg,base
479,RotomWash Rotom,Electric,Water,520,50,65,107,105,107,86,4,False,RotomWash Rotom,base,479.jpg,base
479,RotomFrost Rotom,Electric,Ice,520,50,65,107,105,107,86,4,False,RotomFrost Rotom,base,479.jpg,base
479,RotomFan Rotom,Electric,Flying,520,50,65,107,105,107,86,4,False,RotomFan Rotom,base,479.jpg,base
479,RotomMow Rotom,Electric,Grass,520,50,65,107,105,107,86,4,False,RotomMow Rotom,base,479.jpg,base
480,Uxie,Psychic,,580,75,75,130,75,130,95,4,True,Uxie,base,480.jpg,base
481,Mesprit,Psychic,,580,80,105,105,105,105,80,4,True,Mesprit,base,481.jpg,base
482,Azelf,Psychic,,580,75,125,70,125,70,115,4,True,Azelf,base,482.jpg,base
483,Dialga,Steel,Dragon,680,100,120,120,150,100,90,4,True,Dialga,base,483.jpg,base
484,Palkia,Water,Dragon,680,90,120,100,150,120,100,4,True,Palkia,base,484.jpg,base
485,Heatran,Fire,Steel,600,91,90,106,130,106,77,4,True,Heatran,base,485.jpg,base
486,Regigigas,Normal,,670,110,160,110,80,110,100,4,True,Regigigas,base,486.jpg,base
487,GiratinaAltered Forme,Ghost,Dragon,680,150,100,120,100,120,90,4,True,GiratinaAltered,altered,487-altered.jpg,giratinaaltered
487,GiratinaOrigin Forme,Ghost,Dragon,680,150,120,100,120,100,90,4,True,GiratinaOrigin,origin,487-origin.jpg,giratinaorigin
488,Cresselia,Psychic,,600,120,70,120,75,130,85,4,False,Cresselia,base,488.jpg,base
489,Phione,Water,,480,80,80,80,80,80,80,4,False,Phione,base,489.jpg,base
490,Manaphy,Water,,600,100,100,100,100,100,100,4,False,Manaphy,base,490.jpg,base
491,Darkrai,Dark,,600,70,90,90,135,90,125,4,True,Darkrai,base,491.jpg,base
492,ShayminLand Forme,Grass,,600,100,100,100,100,100,100,4,True,ShayminLand,land,492-land.jpg,shayminland
492,ShayminSky Forme,Grass,Flying,600,100,103,75,120,75,127,4,True,ShayminSky,sky,492-sky.jpg,shayminsky
493,Arceus,Normal,,720,120,120,120,120,120,120,4,True,Arceus,base,493.jpg,base
494,Victini,Psychic,Fire,600,100,100,100,100,100,100,5,True,Victini,base,494.jpg,base
495,Snivy,Grass,,308,45,45,55,45,55,63,5,False,Snivy,base,495.jpg,base
496,Servine,Grass,,413,60,60,75,60,75,83,5,False,Servine,base,496.jpg,base
497,Serperior,Grass,,528,75,75,95,75,95,113,5,False,Serperior,base,497.jpg,base
498,Tepig,Fire,,308,65,63,45,45,45,45,5,False,Tepig,base,498.jpg,base
499,Pignite,Fire,Fighting,418,90,93,55,70,55,55,5,False,Pignite,base,499.jpg,base
500,Emboar,Fire,Fighting,528,110,123,65,100,65,65,5,False,Emboar,base,500.jpg,base
501,Oshawott,Water,,308,55,55,45,63,45,45,5,False,Oshawott,base,501.jpg,base
502,Dewott,Water,,413,75,75,60,83,60,60,5,False,Dewott,base,502.jpg,base
503,Samurott,Water,,528,95,100,85,108,70,70,5,False,Samurott,base,503.jpg,base
504,Patrat,Normal,,255,45,55,39,35,39,42,5,False,Patrat,base,504.jpg,base
505,Watchog,Normal,,420,60,85,69,60,69,77,5,False,Watchog,base,505.jpg,base
506,Lillipup,Normal,,275,45,60,45,25,45,55,5,False,Lillipup,base,506.jpg,base
507,Herdier,Normal,,370,65,80,65,35,65,60,5,False,Herdier,base,507.jpg,base
508,Stoutland,Normal,,500,85,110,90,45,90,80,5,False,Stoutland,base,508.jpg,base
509,Purrloin,Dark,,281,41,50,37,50,37,66,5,False,Purrloin,base,509.jpg,base
510,Liepard,Dark,,446,64,88,50,88,50,106,5,False,Liepard,base,510.jpg,base
511,Pansage,Grass,,316,50,53,48,53,48,64,5,False,Pansage,base,511.jpg,base
512,Simisage,Grass,,498,75,98,63,98,63,101,5,False,Simisage,base,512.jpg,base
513,Pansear,Fire,,316,50,53,48,53,48,64,5,False,Pansear,base,513.jpg,base
514,Simisear,Fire,,498,75,98,63,98,63,101,5,False,Simisear,base,514.jpg,base
515,Panpour,Water,,316,50,53,48,53,48,64,5,False,Panpour,base,515.jpg,base
516,Simipour,Water,,498,75,98,63,98,63,101,5,False,Simipour,base,516.jpg,base
517,Munna,Psychic,,292,76,25,45,67,55,24,5,False,Munna,base,517.jpg,base
518,Musharna,Psychic,,487,116,55,85,107,95,29,5,False,Musharna,base,518.jpg,base
519,Pidove,Normal,Flying,264,50,55,50,36,30,43,5,False,Pidove,base,519.jpg,base
520,Tranquill,Normal,Flying,358,62,77,62,50,42,65,5,False,Tranquill,base,520.jpg,base
521,Unfezant,Normal,Flying,488,80,115,80,65,55,93,5,False,Unfezant,base,521.jpg,base
522,Blitzle,Electric,,295,45,60,32,50,32,76,5,False,Blitzle,base,522.jpg,base
523,Zebstrika,Electric,,497,75,100,63,80,63,116,5,False,Zebstrika,base,523.jpg,base
524,Roggenrola,Rock,,280,55,75,85,25,25,15,5,False,Roggenrola,base,524.jpg,base
525,Boldore,Rock,,390,70,105,105,50,40,20,5,False,Boldore,base,525.jpg,base
526,Gigalith,Rock,,515,85,135,130,60,80,25,5,False,Gigalith,base,526.jpg,base
527,Woobat,Psychic,Flying,313,55,45,43,55,43,72,5,False,Woobat,base,527.jpg,base
528,Swoobat,Psychic,Flying,425,67,57,55,77,55,114,5,False,Swoobat,base,528.jpg,base
529,Drilbur,Ground,,328,60,85,40,30,45,68,5,False,Drilbur,base,529.jpg,base
530,Excadrill,Ground,Steel,508,110,135,60,50,65,88,5,False,Excadrill,base,530.jpg,base
531,Audino,Normal,,445,103,60,86,60,86,50,5,False,Audino,base,531.jpg,base
531,AudinoMega Audino,Normal,Fairy,545,103,60,126,80,126,50,5,False,Audino,mega,531-mega.jpg,mega-audino
532,Timburr,Fighting,,305,75,80,55,25,35,35,5,False,Timburr,base,532.jpg,base
533,Gurdurr,Fighting,,405,85,105,85,40,50,40,5,False,Gurdurr,base,533.jpg,base
534,Conkeldurr,Fighting,,505,105,140,95,55,65,45,5,False,Conkeldurr,base,534.jpg,base
535,Tympole,Water,,294,50,50,40,50,40,64,5,False,Tympole,base,535.jpg,base
536,Palpitoad,Water,Ground,384,75,65,55,65,55,69,5,False,Palpitoad,base,536.jpg,base
537,Seismitoad,Water,Ground,509,105,95,75,85,75,74,5,False,Seismitoad,base,537.jpg,base
538,Throh,Fighting,,465,120,100,85,30,85,45,5,False,Throh,base,538.jpg,base
539,Sawk,Fighting,,465,75,125,75,30,75,85,5,False,Sawk,base,539.jpg,base
540,Sewaddle,Bug,Grass,310,45,53,70,40,60,42,5,False,Sewaddle,base,540.jpg,base
541,Swadloon,Bug,Grass,380,55,63,90,50,80,42,5,False,Swadloon,base,541.jpg,base
542,Leavanny,Bug,Grass,500,75,103,80,70,80,92,5,False,Leavanny,base,542.jpg,base
543,Venipede,Bug,Poison,260,30,45,59,30,39,57,5,False,Venipede,base,543.jpg,base
544,Whirlipede,Bug,Poison,360,40,55,99,40,79,47,5,False,Whirlipede,base,544.jpg,base
545,Scolipede,Bug,Poison,485,60,100,89,55,69,112,5,False,Scolipede,base,545.jpg,base
546,Cottonee,Grass,Fairy,280,40,27,60,37,50,66,5,False,Cottonee,base,546.jpg,base
547,Whimsicott,Grass,Fairy,480,60,67,85,77,75,116,5,False,Whimsicott,base,547.jpg,base
548,Petilil,Grass,,280,45,35,50,70,50,30,5,False,Petilil,base,548.jpg,base
549,Lilligant,Grass,,480,70,60,75,110,75,90,5,False,Lilligant,base,549.jpg,base
550,Basculin,Water,,460,70,92,65,80,55,98,5,False,Basculin,base,550.jpg,base
551,Sandile,Ground,Dark,292,50,72,35,35,35,65,5,False,Sandile,base,551.jpg,base
552,Krokorok,Ground,Dark,351,60,82,45,45,45,74,5,False,Krokorok,base,552.jpg,base
553,Krookodile,Ground,Dark,519,95,117,80,65,70,92,5,False,Krookodile,base,553.jpg,base
554,Darumaka,Fire,,315,70,90,45,15,45,50,5,False,Darumaka,base,554.jpg,base
555,DarmanitanStandard Mode,Fire,,480,105,140,55,30,55,95,5,False,DarmanitanStandard,base,555.jpg,darmanitanstandard
555,DarmanitanZen Mode,Fire,Psychic,540,105,30,105,140,105,55,5,False,DarmanitanZen,base,555.jpg,darmanitanzen
556,Maractus,Grass,,461,75,86,67,106,67,60,5,False,Maractus,base,556.jpg,base
557,Dwebble,Bug,Rock,325,50,65,85,35,35,55,5,False,Dwebble,base,557.jpg,base
558,Crustle,Bug,Rock,475,70,95,125,65,75,45,5,False,Crustle,base,558.jpg,base
559,Scraggy,Dark,Fighting,348,50,75,70,35,70,48,5,False,Scraggy,base,559.jpg,base
560,Scrafty,Dark,Fighting,488,65,90,115,45,115,58,5,False,Scrafty,base,560.jpg,base
561,Sigilyph,Psychic,Flying,490,72,58,80,103,80,97,5,False,Sigilyph,base,561.jpg,base
562,Yamask,Ghost,,303,38,30,85,55,65,30,5,False,Yamask,base,562.jpg,base
563,Cofagrigus,Ghost,,483,58,50,145,95,105,30,5,False,Cofagrigus,base,563.jpg,base
564,Tirtouga,Water,Rock,355,54,78,103,53,45,22,5,False,Tirtouga,base,564.jpg,base
565,Carracosta,Water,Rock,495,74,108,133,83,65,32,5,False,Carracosta,base,565.jpg,base
566,Archen,Rock,Flying,401,55,112,45,74,45,70,5,False,Archen,base,566.jpg,base
567,Archeops,Rock,Flying,567,75,140,65,112,65,110,5,False,Archeops,base,567.jpg,base
568,Trubbish,Poison,,329,50,50,62,40,62,65,5,False,Trubbish,base,568.jpg,base
569,Garbodor,Poison,,474,80,95,82,60,82,75,5,False,Garbodor,base,569.jpg,base
570,Zorua,Dark,,330,40,65,40,80,40,65,5,False,Zorua,base,570.jpg,base
571,Zoroark,Dark,,510,60,105,60,120,60,105,5,False,Zoroark,base,571.jpg,base
572,Minccino,Normal,,300,55,50,40,40,40,75,5,False,Minccino,base,572.jpg,base
573,Cinccino,Normal,,470,75,95,60,65,60,115,5,False,Cinccino,base,573.jpg,base
574,Gothita,Psychic,,290,45,30,50,55,65,45,5,False,Gothita,base,574.jpg,base
575,Gothorita,Psychic,,390,60,45,70,75,85,55,5,False,Gothorita,base,575.jpg,base
576,Gothitelle,Psychic,,490,70,55,95,95,110,65,5,False,Gothitelle,base,576.jpg,base
577,Solosis,Psychic,,290,45,30,40,105,50,20,5,False,Solosis,base,577.jpg,base
578,Duosion,Psychic,,370,65,40,50,125,60,30,5,False,Duosion,base,578.jpg,base
579,Reuniclus,Psychic,,490,110,65,75,125,85,30,5,False,Reuniclus,base,579.jpg,base
580,Ducklett,Water,Flying,305,62,44,50,44,50,55,5,False,Ducklett,base,580.jpg,base
581,Swanna,Water,Flying,473,75,87,63,87,63,98,5,False,Swanna,base,581.jpg,base
582,Vanillite,Ice,,305,36,50,50,65,60,44,5,False,Vanillite,base,582.jpg,base
583,Vanillish,Ice,,395,51,65,65,80,75,59,5,False,Vanillish,base,583.jpg,base
584,Vanilluxe,Ice,,535,71,95,85,110,95,79,5,False,Vanilluxe,base,584.jpg,base
585,Deerling,Normal,Grass,335,60,60,50,40,50,75,5,False,Deerling,base,585.jpg,base
586,Sawsbuck,Normal,Grass,475,80,100,70,60,70,95,5,False,Sawsbuck,base,586.jpg,base
587,Emolga,Electric,Flying,428,55,75,60,75,60,103,5,False,Emolga,base,587.jpg,base
588,Karrablast,Bug,,315,50,75,45,40,45,60,5,False,Karrablast,base,588.jpg,base
589,Escavalier,Bug,Steel,495,70,135,105,60,105,20,5,False,Escavalier,base,589.jpg,base
590,Foongus,Grass,Poison,294,69,55,45,55,55,15,5,False,Foongus,base,590.jpg,base
591,Amoonguss,Grass,Poison,464,114,85,70,85,80,30,5,False,Amoonguss,base,591.jpg,base
592,Frillish,Water,Ghost,335,55,40,50,65,85,40,5,False,Frillish,base,592.jpg,base
593,Jellicent,Water,Ghost,480,100,60,70,85,105,60,5,False,Jellicent,base,593.jpg,base
594,Alomomola,Water,,470,165,75,80,40,45,65,5,False,Alomomola,base,594.jpg,base
595,Joltik,Bug,Electric,319,50,47,50,57,50,65,5,False,Joltik,base,595.jpg,base
596,Galvantula,Bug,Electric,472,70,77,60,97,60,108,5,False,Galvantula,base,596.jpg,base
597,Ferroseed,Grass,Steel,305,44,50,91,24,86,10,5,False,Ferroseed,base,597.jpg,base
598,Ferrothorn,Grass,Steel,489,74,94,131,54,116,20,5,False,Ferrothorn,base,598.jpg,base
599,Klink,Steel,,300,40,55,70,45,60,30,5,False,Klink,base,599.jpg,base
600,Klang,Steel,,440,60,80,95,70,85,50,5,False,Klang,base,600.jpg,base
601,Klinklang,Steel,,520,60,100,115,70,85,90,5,False,Klinklang,base,601.jpg,base
602,Tynamo,Electric,,275,35,55,40,45,40,60,5,False,Tynamo,base,602.jpg,base
603,Eelektrik,Electric,,405,65,85,70,75,70,40,5,False,Eelektrik,base,603.jpg,base
604,Eelektross,Electric,,515,85,115,80,105,80,50,5,False,Eelektross,base,604.jpg,base
605,Elgyem,Psychic,,335,55,55,55,85,55,30,5,False,Elgyem,base,605.jpg,base
606,Beheeyem,Psychic,,485,75,75,75,125,95,40,5,False,Beheeyem,base,606.jpg,base
607,Litwick,Ghost,Fire,275,50,30,55,65,55,20,5,False,Litwick,base,607.jpg,base
608,Lampent,Ghost,Fire,370,60,40,60,95,60,55,5,False,Lampent,base,608.jpg,base
609,Chandelure,Ghost,Fire,520,60,55,90,145,90,80,5,False,Chandelure,base,609.jpg,base
610,Axew,Dragon,,320,46,87,60,30,40,57,5,False,Axew,base,610.jpg,base
611,Fraxure,Dragon,,410,66,117,70,40,50,67,5,False,Fraxure,base,611.jpg,base
612,Haxorus,Dragon,,540,76,147,90,60,70,97,5,False,Haxorus,base,612.jpg,base
613,Cubchoo,Ice,,305,55,70,40,60,40,40,5,False,Cubchoo,base,613.jpg,base
614,Beartic,Ice,,485,95,110,80,70,80,50,5,False,Beartic,base,614.jpg,base
615,Cryogonal,Ice,,485,70,50,30,95,135,105,5,False,Cryogonal,base,615.jpg,base
616,Shelmet,Bug,,305,50,40,85,40,65,25,5,False,Shelmet,base,616.jpg,base
617,Accelgor,Bug,,495,80,70,40,100,60,145,5,False,Accelgor,base,617.jpg,base
618,Stunfisk,Ground,Electric,471,109,66,84,81,99,32,5,False,Stunfisk,base,618.jpg,base
619,Mienfoo,Fighting,,350,45,85,50,55,50,65,5,False,Mienfoo,base,619.jpg,base
620,Mienshao,Fighting,,510,65,125,60,95,60,105,5,False,Mienshao,base,620.jpg,base
621,Druddigon,Dragon,,485,77,120,90,60,90,48,5,False,Druddigon,base,621.jpg,base
622,Golett,Ground,Ghost,303,59,74,50,35,50,35,5,False,Golett,base,622.jpg,base
623,Golurk,Ground,Ghost,483,89,124,80,55,80,55,5,False,Golurk,base,623.jpg,base
624,Pawniard,Dark,Steel,340,45,85,70,40,40,60,5,False,Pawniard,base,624.jpg,base
625,Bisharp,Dark,Steel,490,65,125,100,60,70,70,5,False,Bisharp,base,625.jpg,base
626,Bouffalant,Normal,,490,95,110,95,40,95,55,5,False,Bouffalant,base,626.jpg,base
627,Rufflet,Normal,Flying,350,70,83,50,37,50,60,5,False,Rufflet,base,627.jpg,base
628,Braviary,Normal,Flying,510,100,123,75,57,75,80,5,False,Braviary,base,628.jpg,base
629,Vullaby,Dark,Flying,370,70,55,75,45,65,60,5,False,Vullaby,base,629.jpg,base
630,Mandibuzz,Dark,Flying,510,110,65,105,55,95,80,5,False,Mandibuzz,base,630.jpg,base
631,Heatmor,Fire,,484,85,97,66,105,66,65,5,False,Heatmor,base,631.jpg,base
632,Durant,Bug,Steel,484,58,109,112,48,48,109,5,False,Durant,base,632.jpg,base
633,Deino,Dark,Dragon,300,52,65,50,45,50,38,5,False,Deino,base,633.jpg,base
634,Zweilous,Dark,Dragon,420,72,85,70,65,70,58,5,False,Zweilous,base,634.jpg,base
635,Hydreigon,Dark,Dragon,600,92,105,90,125,90,98,5,False,Hydreigon,base,635.jpg,base
636,Larvesta,Bug,Fire,360,55,85,55,50,55,60,5,False,Larvesta,base,636.jpg,base
637,Volcarona,Bug,Fire,550,85,60,65,135,105,100,5,False,Volcarona,base,637.jpg,base
638,Cobalion,Steel,Fighting,580,91,90,129,90,72,108,5,True,Cobalion,base,638.jpg,base
639,Terrakion,Rock,Fighting,580,91,129,90,72,90,108,5,True,Terrakion,base,639.jpg,base
640,Virizion,Grass,Fighting,580,91,90,72,90,129,108,5,True,Virizion,base,640.jpg,base
641,TornadusIncarnate Forme,Flying,,580,79,115,70,125,80,111,5,True,TornadusIncarnate,incarnate,641-incarnate.jpg,tornadusincarnate
641,TornadusTherian Forme,Flying,,580,79,100,80,110,90,121,5,True,TornadusTherian,therian,641-therian.jpg,tornadustherian
642,Thundurus-Incarnate Forme,Electric,Flying,580,79,115,70,125,80,111,5,True,ThundurusIncarnate,incarnate,642-incarnate.jpg,thundurusincarnate
642,ThundurusTherian Forme,Electric,Flying,580,79,105,70,145,80,101,5,True,ThundurusTherian,therian,642-therian.jpg,thundurustherian
643,Reshiram,Dragon,Fire,680,100,120,100,150,120,90,5,True,Reshiram,base,643.jpg,base
644,Zekrom,Dragon,Electric,680,100,150,120,120,100,90,5,True,Zekrom,base,644.jpg,base
645,LandorusIncarnate Forme,Ground,Flying,600,89,125,90,115,80,101,5,True,LandorusIncarnate,incarnate,645-incarnate.jpg,landorusincarnate
645,LandorusTherian Forme,Ground,Flying,600,89,145,90,105,80,91,5,True,LandorusTherian,therian,645-therian.jpg,landorustherian
646,Kyurem,Dragon,Ice,660,125,130,90,130,90,95,5,True,Kyurem,base,646.jpg,base
646,Black Kyurem,Dragon,Ice,700,125,170,100,120,90,95,5,True,KyuremBlack Kyurem,base,646.jpg,base
646,White Kyurem,Dragon,Ice,700,125,120,90,170,100,95,5,True,KyuremWhite Kyurem,base,646.jpg,base
647,KeldeoOrdinary Forme,Water,Fighting,580,91,72,90,129,90,108,5,False,KeldeoOrdinary,base,647.jpg,keldeoordinary
647,KeldeoResolute Forme,Water,Fighting,580,91,72,90,129,90,108,5,False,KeldeoResolute,base,647.jpg,keldeoresolute
648,MeloettaAria Forme,Normal,Psychic,600,100,77,77,128,128,90,5,False,MeloettaAria,base,648.jpg,meloettaaria
648,MeloettaPirouette Forme,Normal,Fighting,600,100,128,90,77,77,128,5,False,MeloettaPirouette,base,648.jpg,meloettapirouette
649,Genesect,Bug,Steel,600,71,120,95,120,95,99,5,False,Genesect,base,649.jpg,base
650,Chespin,Grass,,313,56,61,65,48,45,38,6,False,Chespin,base,650.jpg,base
651,Quilladin,Grass,,405,61,78,95,56,58,57,6,False,Quilladin,base,651.jpg,base
652,Chesnaught,Grass,Fighting,530,88,107,122,74,75,64,6,False,Chesnaught,base,652.jpg,base
653,Fennekin,Fire,,307,40,45,40,62,60,60,6,False,Fennekin,base,653.jpg,base
654,Braixen,Fire,,409,59,59,58,90,70,73,6,False,Braixen,base,654.jpg,base
655,Delphox,Fire,Psychic,534,75,69,72,114,100,104,6,False,Delphox,base,655.jpg,base
656,Froakie,Water,,314,41,56,40,62,44,71,6,False,Froakie,base,656.jpg,base
657,Frogadier,Water,,405,54,63,52,83,56,97,6,False,Frogadier,base,657.jpg,base
658,Greninja,Water,Dark,530,72,95,67,103,71,122,6,False,Greninja,base,658.jpg,base
659,Bunnelby,Normal,,237,38,36,38,32,36,57,6,False,Bunnelby,base,659.jpg,base
660,Diggersby,Normal,Ground,423,85,56,77,50,77,78,6,False,Diggersby,base,660.jpg,base
661,Fletchling,Normal,Flying,278,45,50,43,40,38,62,6,False,Fletchling,base,661.jpg,base
662,Fletchinder,Fire,Flying,382,62,73,55,56,52,84,6,False,Fletchinder,base,662.jpg,base
663,Talonflame,Fire,Flying,499,78,81,71,74,69,126,6,False,Talonflame,base,663.jpg,base
664,Scatterbug,Bug,,200,38,35,40,27,25,35,6,False,Scatterbug,base,664.jpg,base
665,Spewpa,Bug,,213,45,22,60,27,30,29,6,False,Spewpa,base,665.jpg,base
666,Vivillon,Bug,Flying,411,80,52,50,90,50,89,6,False,Vivillon,base,666.jpg,base
667,Litleo,Fire,Normal,369,62,50,58,73,54,72,6,False,Litleo,base,667.jpg,base
668,Pyroar,Fire,Normal,507,86,68,72,109,66,106,6,False,Pyroar,base,668.jpg,base
669,Flabébé,Fairy,,303,44,38,39,61,79,42,6,False,Flabébé,base,669.jpg,base
670,Floette,Fairy,,371,54,45,47,75,98,52,6,False,Floette,base,670.jpg,base
671,Florges,Fairy,,552,78,65,68,112,154,75,6,False,Florges,base,671.jpg,base
672,Skiddo,Grass,,350,66,65,48,62,57,52,6,False,Skiddo,base,672.jpg,base
673,Gogoat,Grass,,531,123,100,62,97,81,68,6,False,Gogoat,base,673.jpg,base
674,Pancham,Fighting,,348,67,82,62,46,48,43,6,False,Pancham,base,674.jpg,base
675,Pangoro,Fighting,Dark,495,95,124,78,69,71,58,6,False,Pangoro,base,675.jpg,base
676,Furfrou,Normal,,472,75,80,60,65,90,102,6,False,Furfrou,base,676.jpg,base
677,Espurr,Psychic,,355,62,48,54,63,60,68,6,False,Espurr,base,677.jpg,base
678,MeowsticMale,Psychic,,466,74,48,76,83,81,104,6,False,MeowsticMale,base,678.jpg,base
678,MeowsticFemale,Psychic,,466,74,48,76,83,81,104,6,False,MeowsticFemale,base,678.jpg,base
679,Honedge,Steel,Ghost,325,45,80,100,35,37,28,6,False,Honedge,base,679.jpg,base
680,Doublade,Steel,Ghost,448,59,110,150,45,49,35,6,False,Doublade,base,680.jpg,base
681,AegislashBlade Forme,Steel,Ghost,520,60,150,50,150,50,60,6,False,AegislashBlade,blade,681-blade.jpg,aegislashblade
681,AegislashShield Forme,Steel,Ghost,520,60,50,150,50,150,60,6,False,AegislashShield,shield,681-shield.jpg,aegislashshield
682,Spritzee,Fairy,,341,78,52,60,63,65,23,6,False,Spritzee,base,682.jpg,base
683,Aromatisse,Fairy,,462,101,72,72,99,89,29,6,False,Aromatisse,base,683.jpg,base
684,Swirlix,Fairy,,341,62,48,66,59,57,49,6,False,Swirlix,base,684.jpg,base
685,Slurpuff,Fairy,,480,82,80,86,85,75,72,6,False,Slurpuff,base,685.jpg,base
686,Inkay,Dark,Psychic,288,53,54,53,37,46,45,6,False,Inkay,base,686.jpg,base
687,Malamar,Dark,Psychic,482,86,92,88,68,75,73,6,False,Malamar,base,687.jpg,base
688,Binacle,Rock,Water,306,42,52,67,39,56,50,6,False,Binacle,base,688.jpg,base
689,Barbaracle,Rock,Water,500,72,105,115,54,86,68,6,False,Barbaracle,base,689.jpg,base
690,Skrelp,Poison,Water,320,50,60,60,60,60,30,6,False,Skrelp,base,690.jpg,base
691,Dragalge,Poison,Dragon,494,65,75,90,97,123,44,6,False,Dragalge,base,691.jpg,base
692,Clauncher,Water,,330,50,53,62,58,63,44,6,False,Clauncher,base,692.jpg,base
693,Clawitzer,Water,,500,71,73,88,120,89,59,6,False,Clawitzer,base,693.jpg,base
694,Helioptile,Electric,Normal,289,44,38,33,61,43,70,6,False,Helioptile,base,694.jpg,base
695,Heliolisk,Electric,Normal,481,62,55,52,109,94,109,6,False,Heliolisk,base,695.jpg,base
696,Tyrunt,Rock,Dragon,362,58,89,77,45,45,48,6,False,Tyrunt,base,696.jpg,base
697,Tyrantrum,Rock,Dragon,521,82,121,119,69,59,71,6,False,Tyrantrum,base,697.jpg,base
698,Amaura,Rock,Ice,362,77,59,50,67,63,46,6,False,Amaura,base,698.jpg,base
699,Aurorus,Rock,Ice,521,123,77,72,99,92,58,6,False,Aurorus,base,699.jpg,base
700,Sylveon,Fairy,,525,95,65,65,110,130,60,6,False,Sylveon,base,700.jpg,base
701,Hawlucha,Fighting,Flying,500,78,92,75,74,63,118,6,False,Hawlucha,base,701.jpg,base
702,Dedenne,Electric,Fairy,431,67,58,57,81,67,101,6,False,Dedenne,base,702.jpg,base
703,Carbink,Rock,Fairy,500,50,50,150,50,150,50,6,False,Carbink,base,703.jpg,base
704,Goomy,Dragon,,300,45,50,35,55,75,40,6,False,Goomy,base,704.jpg,base
705,Sliggoo,Dragon,,452,68,75,53,83,113,60,6,False,Sliggoo,base,705.jpg,base
706,Goodra,Dragon,,600,90,100,70,110,150,80,6,False,Goodra,base,706.jpg,base
707,Klefki,Steel,Fairy,470,57,80,91,80,87,75,6,False,Klefki,base,707.jpg,base
708,Phantump,Ghost,Grass,309,43,70,48,50,60,38,6,False,Phantump,base,708.jpg,base
709,Trevenant,Ghost,Grass,474,85,110,76,65,82,56,6,False,Trevenant,base,709.jpg,base
710,PumpkabooAverage Size,Ghost,Grass,335,49,66,70,44,55,51,6,False,PumpkabooAverage,base,710.jpg,pumpkabooaverage
710,PumpkabooSmall Size,Ghost,Grass,335,44,66,70,44,55,56,6,False,PumpkabooSmall,base,710.jpg,pumpkaboosmall
710,PumpkabooLarge Size,Ghost,Grass,335,54,66,70,44,55,46,6,False,PumpkabooLarge,base,710.jpg,pumpkaboolarge
710,PumpkabooSuper Size,Ghost,Grass,335,59,66,70,44,55,41,6,False,PumpkabooSuper,base,710.jpg,pumpkaboosuper
711,GourgeistAverage Size,Ghost,Grass,494,65,90,122,58,75,84,6,False,GourgeistAverage,base,711.jpg,gourgeistaverage
711,GourgeistSmall Size,Ghost,Grass,494,55,85,122,58,75,99,6,False,GourgeistSmall,base,711.jpg,gourgeistsmall
711,GourgeistLarge Size,Ghost,Grass,494,75,95,122,58,75,69,6,False,GourgeistLarge,base,711.jpg,gourgeistlarge
711,GourgeistSuper Size,Ghost,Grass,494,85,100,122,58,75,54,6,False,GourgeistSuper,base,711.jpg,gourgeistsuper
712,Bergmite,Ice,,304,55,69,85,32,35,28,6,False,Bergmite,base,712.jpg,base
713,Avalugg,Ice,,514,95,117,184,44,46,28,6,False,Avalugg,base,713.jpg,base
714,Noibat,Flying,Dragon,245,40,30,35,45,40,55,6,False,Noibat,base,714.jpg,base
715,Noivern,Flying,Dragon,535,85,70,80,97,80,123,6,False,Noivern,base,715.jpg,base
716,Xerneas,Fairy,,680,126,131,95,131,98,99,6,True,Xerneas,base,716.jpg,base
717,Yveltal,Dark,Flying,680,126,131,95,131,98,99,6,True,Yveltal,base,717.jpg,base
718,Zygarde50% Forme,Dragon,Ground,600,108,100,121,81,95,95,6,True,Zygarde50%,base,718.jpg,zygarde50%
719,Diancie,Rock,Fairy,600,50,100,150,100,150,50,6,True,Diancie,base,719.jpg,base
719,DiancieMega Diancie,Rock,Fairy,700,50,160,110,160,110,110,6,True,Diancie,mega,719-mega.jpg,mega-diancie
720,HoopaHoopa Confined,Psychic,Ghost,600,80,110,60,150,130,70,6,True,HoopaHoopa Confined,base,720.jpg,base
720,HoopaHoopa Unbound,Psychic,Dark,680,80,160,60,170,130,80,6,True,HoopaHoopa Unbound,base,720.jpg,base
721,Volcanion,Fire,Water,600,80,110,120,130,90,70,6,True,Volcanion,base,721.jpg,base
